Name;2.Name;3.Name;4.Name;5. Name;6. Name;7. Name;8. Name;9. Name;10. Name;11. Name;12. Name;13. Name;14. Name;15. Name;16. Name;17. Name;18. Name;19. Name;20. Name;21. Name;22. Name;23. Name;24. Name;25. Name;26. Name
Adrahil I.;;;;;;;;;;;;;;;;;;;;;;;;;
Adrahil II.;;;;;;;;;;;;;;;;;;;;;;;;;
Aldamir ;;;;;;;;;;;;;;;;;;;;;;;;;
Anardil;;;;;;;;;;;;;;;;;;;;;;;;;
Tar-Anárion;;;;;;;;;;;;;;;;;;;;;;;;;
Isildur;;;;;;;;;;;;;;;;;;;;;;;;;
Anborn;;;;;;;;;;;;;;;;;;;;;;;;;
Angbor;;;;;;;;;;;;;;;;;;;;;;;;;
Angelimir;;;;;;;;;;;;;;;;;;;;;;;;;
Aratan;;;;;;;;;;;;;;;;;;;;;;;;;
Arciryas;;;;;;;;;;;;;;;;;;;;;;;;;
Artamir;;;;;;;;;;;;;;;;;;;;;;;;;
Atanatar I.;;;;;;;;;;;;;;;;;;;;;;;;;
Atanatar II. Alcarin;;;;;;;;;;;;;;;;;;;;;;;;;
Barahir;;;;;;;;;;;;;;;;;;;;;;;;;
Barahir;;;;;;;;;;;;;;;;;;;;;;;;;
Baranor;;;;;;;;;;;;;;;;;;;;;;;;;
Beregond;;;;;;;;;;;;;;;;;;;;;;;;;
Belecthor I.;;;;;;;;;;;;;;;;;;;;;;;;;
Belecthor II.;;;;;;;;;;;;;;;;;;;;;;;;;
Belegorn;;;;;;;;;;;;;;;;;;;;;;;;;
Beregond;;;;;;;;;;;;;;;;;;;;;;;;;
Beren;;;;;;;;;;;;;;;;;;;;;;;;;
Bergil;;;;;;;;;;;;;;;;;;;;;;;;;
Berúthiel;;;;;;;;;;;;;;;;;;;;;;;;;
Boromir;;;;;;;;;;;;;;;;;;;;;;;;;
Boromir;;;;;;;;;;;;;;;;;;;;;;;;;
Borondir;Udalraph;;;;;;;;;;;;;;;;;;;;;;;;
Calimehtar;;;;;;;;;;;;;;;;;;;;;;;;;
Róіmendacil II.  ;Minalcar ;;;;;;;;;;;;;;;;;;;;;;;;
Calimehtar;;;;;;;;;;;;;;;;;;;;;;;;;
Calimmacil;;;;;;;;;;;;;;;;;;;;;;;;;
Calmacil;;;;;;;;;;;;;;;;;;;;;;;;;
Castamir;;;;;;;;;;;;;;;;;;;;;;;;;
Cemendur;;;;;;;;;;;;;;;;;;;;;;;;;
Cirion;;;;;;;;;;;;;;;;;;;;;;;;;
Ciryaher;Hyarmendacil I.;;;;;;;;;;;;;;;;;;;;;;;;
Ciryandil;;;;;;;;;;;;;;;;;;;;;;;;;
Ciryon;;;;;;;;;;;;;;;;;;;;;;;;;
Denethor I.;;;;;;;;;;;;;;;;;;;;;;;;;
Denethor II.;;;;;;;;;;;;;;;;;;;;;;;;;
Derufin;;;;;;;;;;;;;;;;;;;;;;;;;
Dervorin;;;;;;;;;;;;;;;;;;;;;;;;;
Dior;;;;;;;;;;;;;;;;;;;;;;;;;
Duilin;;;;;;;;;;;;;;;;;;;;;;;;;
Duinhir;;;;;;;;;;;;;;;;;;;;;;;;;
Earendil;;;;;;;;;;;;;;;;;;;;;;;;;
Earnil I.;;;;;;;;;;;;;;;;;;;;;;;;;
Earnil II.;;;;;;;;;;;;;;;;;;;;;;;;;
Earnur;;;;;;;;;;;;;;;;;;;;;;;;;
Ecthelion I.;;;;;;;;;;;;;;;;;;;;;;;;;
Ecthelion II.;;;;;;;;;;;;;;;;;;;;;;;;;
Egalmoth;;;;;;;;;;;;;;;;;;;;;;;;;
Eldacar;;;;;;;;;;;;;;;;;;;;;;;;;
Elendil der Lange, der Getreue;;;;;;;;;;;;;;;;;;;;;;;;;
Elendur ;;;;;;;;;;;;;;;;;;;;;;;;;
Eradan;;;;;;;;;;;;;;;;;;;;;;;;;
Erchirion;;;;;;;;;;;;;;;;;;;;;;;;;
Estelmo ;;;;;;;;;;;;;;;;;;;;;;;;;
Faramir ;;;;;;;;;;;;;;;;;;;;;;;;;
Faramir ;;;;;;;;;;;;;;;;;;;;;;;;;
Findegil ;;;;;;;;;;;;;;;;;;;;;;;;;
Finduilas ;Finduilas von Dol Amroth ;;;;;;;;;;;;;;;;;;;;;;;;
Forlong ;;;;;;;;;;;;;;;;;;;;;;;;;
Gilmith  ;;;;;;;;;;;;;;;;;;;;;;;;;
Golasgil ;;;;;;;;;;;;;;;;;;;;;;;;;
Galador  ;;;;;;;;;;;;;;;;;;;;;;;;;
Hador  ;;;;;;;;;;;;;;;;;;;;;;;;;
Hallas  ;;;;;;;;;;;;;;;;;;;;;;;;;
Herion  ;;;;;;;;;;;;;;;;;;;;;;;;;
Hirluin ;;;;;;;;;;;;;;;;;;;;;;;;;
Húrin von Emyn Arnen;;;;;;;;;;;;;;;;;;;;;;;;;
Húrin I. ;;;;;;;;;;;;;;;;;;;;;;;;;
Húrin II. ;;;;;;;;;;;;;;;;;;;;;;;;;
Húrin der Kühne ;;;;;;;;;;;;;;;;;;;;;;;;;
Hyarmendacil I. ;Ciryaher  ;;;;;;;;;;;;;;;;;;;;;;;;
Hyarmendacil II. ;Vinyarion ;;;;;;;;;;;;;;;;;;;;;;;;
Imrahil  ;;;;;;;;;;;;;;;;;;;;;;;;;
Imrazôr  ;;;;;;;;;;;;;;;;;;;;;;;;;
Ingold ;;;;;;;;;;;;;;;;;;;;;;;;;
Ioreth ;;;;;;;;;;;;;;;;;;;;;;;;;
Iorlas ;;;;;;;;;;;;;;;;;;;;;;;;;
Lothóriel  ;;;;;;;;;;;;;;;;;;;;;;;;;
Mablung  ;;;;;;;;;;;;;;;;;;;;;;;;;
Mardil Voronwe  ;der Getreue;;;;;;;;;;;;;;;;;;;;;;;;
Meneldil  ;;;;;;;;;;;;;;;;;;;;;;;;;
Minardil ;;;;;;;;;;;;;;;;;;;;;;;;;
Minastan ;;;;;;;;;;;;;;;;;;;;;;;;;
Minohtar  ;;;;;;;;;;;;;;;;;;;;;;;;;
Morwen von Lossarnach  ;;;;;;;;;;;;;;;;;;;;;;;;;
Morwen  ;;;;;;;;;;;;;;;;;;;;;;;;;
Narmacil I.;;;;;;;;;;;;;;;;;;;;;;;;;
Narmacil II. ;;;;;;;;;;;;;;;;;;;;;;;;;
Ohtar;;;;;;;;;;;;;;;;;;;;;;;;;
Ondoher  ;;;;;;;;;;;;;;;;;;;;;;;;;
Orodreth ;;;;;;;;;;;;;;;;;;;;;;;;;
Ostoher ;;;;;;;;;;;;;;;;;;;;;;;;;
Pelendur  ;;;;;;;;;;;;;;;;;;;;;;;;;
Róan ;;;;;;;;;;;;;;;;;;;;;;;;;
Róіmendacil I. ;Tarostar ;;;;;;;;;;;;;;;;;;;;;;;;
Róіmendacil II. ;Minalcar ;;;;;;;;;;;;;;;;;;;;;;;;
Siriondi  ;;;;;;;;;;;;;;;;;;;;;;;;;
Tarannon Falastur ;;;;;;;;;;;;;;;;;;;;;;;;;
Tarciryan;;;;;;;;;;;;;;;;;;;;;;;;;
Targon ;;;;;;;;;;;;;;;;;;;;;;;;;
Tarondor;;;;;;;;;;;;;;;;;;;;;;;;;
Telemnar ;;;;;;;;;;;;;;;;;;;;;;;;;
Telumehtar Umbardacil ;;;;;;;;;;;;;;;;;;;;;;;;;
Thorondir  ;;;;;;;;;;;;;;;;;;;;;;;;;
Turambar ;;;;;;;;;;;;;;;;;;;;;;;;;
Turgon  ;;;;;;;;;;;;;;;;;;;;;;;;;
Túrin I.  ;;;;;;;;;;;;;;;;;;;;;;;;;
Túrin II. ;;;;;;;;;;;;;;;;;;;;;;;;;
Valacar  ;;;;;;;;;;;;;;;;;;;;;;;;;
Vorondil ;;;;;;;;;;;;;;;;;;;;;;;;;
Aldor ;;;;;;;;;;;;;;;;;;;;;;;;;
Baldor ;;;;;;;;;;;;;;;;;;;;;;;;;
Brego ;;;;;;;;;;;;;;;;;;;;;;;;;
Brytta  ;Léofa;;;;;;;;;;;;;;;;;;;;;;;;
Ceorl  ;;;;;;;;;;;;;;;;;;;;;;;;;
Déor  ;;;;;;;;;;;;;;;;;;;;;;;;;
Déorwine ;;;;;;;;;;;;;;;;;;;;;;;;;
Dúnhere ;;;;;;;;;;;;;;;;;;;;;;;;;
Elfhelm;;;;;;;;;;;;;;;;;;;;;;;;;
Elfhild;;;;;;;;;;;;;;;;;;;;;;;;;
Elfwine;;;;;;;;;;;;;;;;;;;;;;;;;
Éofor;;;;;;;;;;;;;;;;;;;;;;;;;
Éomer;;;;;;;;;;;;;;;;;;;;;;;;;
Éomund;;;;;;;;;;;;;;;;;;;;;;;;;
Éomund;;;;;;;;;;;;;;;;;;;;;;;;;
Eorl;;;;;;;;;;;;;;;;;;;;;;;;;
Éothain;;;;;;;;;;;;;;;;;;;;;;;;;
Éowyn;;;;;;;;;;;;;;;;;;;;;;;;;
Erkenbrand;;;;;;;;;;;;;;;;;;;;;;;;;
Fastred;;;;;;;;;;;;;;;;;;;;;;;;;
Fastred;;;;;;;;;;;;;;;;;;;;;;;;;
Fengel;;;;;;;;;;;;;;;;;;;;;;;;;
Folca;;;;;;;;;;;;;;;;;;;;;;;;;
Folcred;;;;;;;;;;;;;;;;;;;;;;;;;
Folcwine;;;;;;;;;;;;;;;;;;;;;;;;;
Fréa;;;;;;;;;;;;;;;;;;;;;;;;;
Fréaláf Hildeson ;;;;;;;;;;;;;;;;;;;;;;;;;
Fréawine;;;;;;;;;;;;;;;;;;;;;;;;;
Gálmóіd;;;;;;;;;;;;;;;;;;;;;;;;;
Gamling;;;;;;;;;;;;;;;;;;;;;;;;;
Gárulf;;;;;;;;;;;;;;;;;;;;;;;;;
Gléowine;;;;;;;;;;;;;;;;;;;;;;;;;
Goldwine;;;;;;;;;;;;;;;;;;;;;;;;;
Gram;;;;;;;;;;;;;;;;;;;;;;;;;
Gróma Schlangenzunge ;;;;;;;;;;;;;;;;;;;;;;;;;
Grimbold;;;;;;;;;;;;;;;;;;;;;;;;;
Guthláf;;;;;;;;;;;;;;;;;;;;;;;;;
Haleth;;;;;;;;;;;;;;;;;;;;;;;;;
Háma;;;;;;;;;;;;;;;;;;;;;;;;;
Helm Hammerhand ;;;;;;;;;;;;;;;;;;;;;;;;;
Háma;;;;;;;;;;;;;;;;;;;;;;;;;
Harding;;;;;;;;;;;;;;;;;;;;;;;;;
Herefara;;;;;;;;;;;;;;;;;;;;;;;;;
Hild;;;;;;;;;;;;;;;;;;;;;;;;;
Horn;;;;;;;;;;;;;;;;;;;;;;;;;
Léod;;;;;;;;;;;;;;;;;;;;;;;;;
Morwen von Lossarnach;;;;;;;;;;;;;;;;;;;;;;;;;
Thengel;;;;;;;;;;;;;;;;;;;;;;;;;
Théoden;;;;;;;;;;;;;;;;;;;;;;;;;
Théodred;;;;;;;;;;;;;;;;;;;;;;;;;
Théodwyn;;;;;;;;;;;;;;;;;;;;;;;;;
Walda;;;;;;;;;;;;;;;;;;;;;;;;;
Wódfara;;;;;;;;;;;;;;;;;;;;;;;;;
Amlaith von Fornost;;;;;;;;;;;;;;;;;;;;;;;;;
Arado;;;;;;;;;;;;;;;;;;;;;;;;;
Araglas;;;;;;;;;;;;;;;;;;;;;;;;;
Aragorn I;;;;;;;;;;;;;;;;;;;;;;;;;
Aragorn II.;Elessar;Edhelharn;Streicher;Telcontar;Estel;Thorongil;Dúnadan;Flügelfuß;Langbein;Envinyatar;;;;;;;;;;;;;;;
Aragost;;;;;;;;;;;;;;;;;;;;;;;;;
Arahad I. ;;;;;;;;;;;;;;;;;;;;;;;;;
Arahad II. ;;;;;;;;;;;;;;;;;;;;;;;;;
Arahael ;;;;;;;;;;;;;;;;;;;;;;;;;
Aranarth;;;;;;;;;;;;;;;;;;;;;;;;;
Arantar;;;;;;;;;;;;;;;;;;;;;;;;;
Aranuir;;;;;;;;;;;;;;;;;;;;;;;;;
Araphant;;;;;;;;;;;;;;;;;;;;;;;;;
Araphor;;;;;;;;;;;;;;;;;;;;;;;;;
Arassuil;;;;;;;;;;;;;;;;;;;;;;;;;
Arathorn I. ;;;;;;;;;;;;;;;;;;;;;;;;;
Arathorn II.;;;;;;;;;;;;;;;;;;;;;;;;;
Araval;;;;;;;;;;;;;;;;;;;;;;;;;
Aravir;;;;;;;;;;;;;;;;;;;;;;;;;
Aravorn;;;;;;;;;;;;;;;;;;;;;;;;;
Argeleb I.;;;;;;;;;;;;;;;;;;;;;;;;;
Argeleb II. ;;;;;;;;;;;;;;;;;;;;;;;;;
Argonui ;;;;;;;;;;;;;;;;;;;;;;;;;
Arvedui;;;;;;;;;;;;;;;;;;;;;;;;;
Arvegil;;;;;;;;;;;;;;;;;;;;;;;;;
Arveleg I.;;;;;;;;;;;;;;;;;;;;;;;;;
Arveleg II.;;;;;;;;;;;;;;;;;;;;;;;;;
Beleg ;;;;;;;;;;;;;;;;;;;;;;;;;
Celebrindor;;;;;;;;;;;;;;;;;;;;;;;;;
Celepharn;;;;;;;;;;;;;;;;;;;;;;;;;
Dórhael;;;;;;;;;;;;;;;;;;;;;;;;;
Earendur III. ;;;;;;;;;;;;;;;;;;;;;;;;;
Eldacar;;;;;;;;;;;;;;;;;;;;;;;;;
Eldarion ;;;;;;;;;;;;;;;;;;;;;;;;;
Elendil;der Lange;der Getreue;;;;;;;;;;;;;;;;;;;;;;;
Elendur;;;;;;;;;;;;;;;;;;;;;;;;;
Gilraen;;;;;;;;;;;;;;;;;;;;;;;;;
Halbarad;;;;;;;;;;;;;;;;;;;;;;;;;
Idur;;;;;;;;;;;;;;;;;;;;;;;;;
Malbeth;;;;;;;;;;;;;;;;;;;;;;;;;
Mal;;;;;;;;;;;;;;;;;;;;;;;;;
Malvegil;;;;;;;;;;;;;;;;;;;;;;;;;
Tarcil;;;;;;;;;;;;;;;;;;;;;;;;;
Tarondor;;;;;;;;;;;;;;;;;;;;;;;;;
Valandil;;;;;;;;;;;;;;;;;;;;;;;;;
Valandur;;;;;;;;;;;;;;;;;;;;;;;;;
Ailinel;;;;;;;;;;;;;;;;;;;;;;;;;
Almarian;;;;;;;;;;;;;;;;;;;;;;;;;
Almiel;;;;;;;;;;;;;;;;;;;;;;;;;
Amandil;;;;;;;;;;;;;;;;;;;;;;;;;
Tar-Amandil  ;;;;;;;;;;;;;;;;;;;;;;;;;
Anárion;;;;;;;;;;;;;;;;;;;;;;;;;
Tar-Anárion ;;;;;;;;;;;;;;;;;;;;;;;;;
Ar-Adônaôr;;;;;;;;;;;;;;;;;;;;;;;;;
Ar-Gimilzôr;Tar-Telemnar;;;;;;;;;;;;;;;;;;;;;;;;
Ar-Pharazôn;;;;;;;;;;;;;;;;;;;;;;;;;
Ar-Sakalthôr;Tar-Falassion ;;;;;;;;;;;;;;;;;;;;;;;;
Ar-Zimrathôn;Tar-Hostamir ;;;;;;;;;;;;;;;;;;;;;;;;
Beregar;;;;;;;;;;;;;;;;;;;;;;;;;
Ciryatur;;;;;;;;;;;;;;;;;;;;;;;;;
Earendur;Fürst von Andúnië;;;;;;;;;;;;;;;;;;;;;;;;
Elatan;;;;;;;;;;;;;;;;;;;;;;;;;
Tar-Elendil;;;;;;;;;;;;;;;;;;;;;;;;;
Elros;Tar-Minyatur ;;;;;;;;;;;;;;;;;;;;;;;;
Erendis;Tar-Elestirne ;Uinéniel;;;;;;;;;;;;;;;;;;;;;;;
Fuinur ;;;;;;;;;;;;;;;;;;;;;;;;;
Gimilád;;;;;;;;;;;;;;;;;;;;;;;;;
Gimilzagar;;;;;;;;;;;;;;;;;;;;;;;;;
Halacar;Mámandil;;;;;;;;;;;;;;;;;;;;;;;;
Hallatan;;;;;;;;;;;;;;;;;;;;;;;;;
Hatholdir;;;;;;;;;;;;;;;;;;;;;;;;;
Henderch;;;;;;;;;;;;;;;;;;;;;;;;;
Herucalmo;;;;;;;;;;;;;;;;;;;;;;;;;
Herumor;;;;;;;;;;;;;;;;;;;;;;;;;
óЋbal;;;;;;;;;;;;;;;;;;;;;;;;;
Inzilbúth;;;;;;;;;;;;;;;;;;;;;;;;;
Ime;;;;;;;;;;;;;;;;;;;;;;;;;
Imo;;;;;;;;;;;;;;;;;;;;;;;;;
Lindóіrië;;;;;;;;;;;;;;;;;;;;;;;;;
Malantur;;;;;;;;;;;;;;;;;;;;;;;;;
Númendil;;;;;;;;;;;;;;;;;;;;;;;;;
Núneth;;;;;;;;;;;;;;;;;;;;;;;;;
Orchaldor;;;;;;;;;;;;;;;;;;;;;;;;;
Somarien;;;;;;;;;;;;;;;;;;;;;;;;;
Soronto;;;;;;;;;;;;;;;;;;;;;;;;;
Tar-Alcarin ;;;;;;;;;;;;;;;;;;;;;;;;;
Tar-Aldarion ;;;;;;;;;;;;;;;;;;;;;;;;;
Tar-Ancalime ;;;;;;;;;;;;;;;;;;;;;;;;;
Tar-Ancalimon;;;;;;;;;;;;;;;;;;;;;;;;;
Tar-Ardamin;;;;;;;;;;;;;;;;;;;;;;;;;
Tar-Atanamir  ;der Große;der Unwillige;Tar-Calion;;;;;;;;;;;;;;;;;;;;;;
Tar-Calmacil ;;;;;;;;;;;;;;;;;;;;;;;;;
Tar-Ciryatan;;;;;;;;;;;;;;;;;;;;;;;;;
Tar-Elendil;Parmaite;;;;;;;;;;;;;;;;;;;;;;;;
Tar-Meneldur ;Elentirmo;Írimon;;;;;;;;;;;;;;;;;;;;;;;
Tar-Minastir ;;;;;;;;;;;;;;;;;;;;;;;;;
Tar-Móriel;Ar-Zimraphel ;;;;;;;;;;;;;;;;;;;;;;;;
Tar-Palantir ;;;;;;;;;;;;;;;;;;;;;;;;;
Tar-Súrion;;;;;;;;;;;;;;;;;;;;;;;;;
Tar-Telemmaite;;;;;;;;;;;;;;;;;;;;;;;;;
Tar-Telperien;;;;;;;;;;;;;;;;;;;;;;;;;
Tar-Vanimelde  ;;;;;;;;;;;;;;;;;;;;;;;;;
Ulbar;;;;;;;;;;;;;;;;;;;;;;;;;
Valandil ;;;;;;;;;;;;;;;;;;;;;;;;;
Vardamir;Nóіlimon;;;;;;;;;;;;;;;;;;;;;;;;
Veantur ;;;;;;;;;;;;;;;;;;;;;;;;;
Zamón;;;;;;;;;;;;;;;;;;;;;;;;;
Zamîn;;;;;;;;;;;;;;;;;;;;;;;;;
Andróіg ;;;;;;;;;;;;;;;;;;;;;;;;;
Asgon;;;;;;;;;;;;;;;;;;;;;;;;;
Barach;;;;;;;;;;;;;;;;;;;;;;;;;
Barahir;;;;;;;;;;;;;;;;;;;;;;;;;
Baran;Beor der Junge ;;;;;;;;;;;;;;;;;;;;;;;;
Beleth;;;;;;;;;;;;;;;;;;;;;;;;;
Aerandir;;;;;;;;;;;;;;;;;;;;;;;;;
Aerin;;;;;;;;;;;;;;;;;;;;;;;;;
Algund;;;;;;;;;;;;;;;;;;;;;;;;;
Amlach;;;;;;;;;;;;;;;;;;;;;;;;;
Angrim;;;;;;;;;;;;;;;;;;;;;;;;;
Arthad;;;;;;;;;;;;;;;;;;;;;;;;;
Balan;Beor;;;;;;;;;;;;;;;;;;;;;;;;
Baragund;;;;;;;;;;;;;;;;;;;;;;;;;
Belegund;;;;;;;;;;;;;;;;;;;;;;;;;
Bereg;;;;;;;;;;;;;;;;;;;;;;;;;
Beren;Camlost;Erchamion;;;;;;;;;;;;;;;;;;;;;;;
Boromir;;;;;;;;;;;;;;;;;;;;;;;;;
Boron;;;;;;;;;;;;;;;;;;;;;;;;;
Brandir;der Lahme;;;;;;;;;;;;;;;;;;;;;;;;
Bregolas;;;;;;;;;;;;;;;;;;;;;;;;;
Bregor;;;;;;;;;;;;;;;;;;;;;;;;;
Dagnir;;;;;;;;;;;;;;;;;;;;;;;;;
Dairuin;;;;;;;;;;;;;;;;;;;;;;;;;
Dórhavel;;;;;;;;;;;;;;;;;;;;;;;;;
Dorlas;;;;;;;;;;;;;;;;;;;;;;;;;
Eilinel;;;;;;;;;;;;;;;;;;;;;;;;;
Emeldir;die Mannesmutige;;;;;;;;;;;;;;;;;;;;;;;;
Erelont;;;;;;;;;;;;;;;;;;;;;;;;;
Falathar;;;;;;;;;;;;;;;;;;;;;;;;;
Forweg;;;;;;;;;;;;;;;;;;;;;;;;;
Forweg;;;;;;;;;;;;;;;;;;;;;;;;;
Hador;;;;;;;;;;;;;;;;;;;;;;;;;
Gildor;;;;;;;;;;;;;;;;;;;;;;;;;
Glirhuin;;;;;;;;;;;;;;;;;;;;;;;;;
Glóіredhel;;;;;;;;;;;;;;;;;;;;;;;;;
Gorlim;Unglückliche;;;;;;;;;;;;;;;;;;;;;;;;
Grithnir;;;;;;;;;;;;;;;;;;;;;;;;;
Gundor;;;;;;;;;;;;;;;;;;;;;;;;;
Hador Lóіrindol;Goldscheitel;;;;;;;;;;;;;;;;;;;;;;;;
Haldad;;;;;;;;;;;;;;;;;;;;;;;;;
Haldan;;;;;;;;;;;;;;;;;;;;;;;;;
Haldar;;;;;;;;;;;;;;;;;;;;;;;;;
Haldir;;;;;;;;;;;;;;;;;;;;;;;;;
Haleth;;;;;;;;;;;;;;;;;;;;;;;;;
Halmir;;;;;;;;;;;;;;;;;;;;;;;;;
Handir;;;;;;;;;;;;;;;;;;;;;;;;;
Hareth;;;;;;;;;;;;;;;;;;;;;;;;;
Hathaldir;;;;;;;;;;;;;;;;;;;;;;;;;
Hathol;;;;;;;;;;;;;;;;;;;;;;;;;
Hunthor;;;;;;;;;;;;;;;;;;;;;;;;;
Huor;;;;;;;;;;;;;;;;;;;;;;;;;
Húrin Thalion;der Standhafte;Úrin;;;;;;;;;;;;;;;;;;;;;;;
Imlach;;;;;;;;;;;;;;;;;;;;;;;;;
Indor;;;;;;;;;;;;;;;;;;;;;;;;;
Larnach;;;;;;;;;;;;;;;;;;;;;;;;;
Magor;;;;;;;;;;;;;;;;;;;;;;;;;
Malach;Adan;Aradan;;;;;;;;;;;;;;;;;;;;;;;
Marach;;;;;;;;;;;;;;;;;;;;;;;;;
Morwen Eledhwen;;;;;;;;;;;;;;;;;;;;;;;;;
Nienor Nóniel ;;;;;;;;;;;;;;;;;;;;;;;;;
Orleg;;;;;;;;;;;;;;;;;;;;;;;;;
Radhruin;;;;;;;;;;;;;;;;;;;;;;;;;
Ragnir;;;;;;;;;;;;;;;;;;;;;;;;;
Ragnor;;;;;;;;;;;;;;;;;;;;;;;;;
Róan;;;;;;;;;;;;;;;;;;;;;;;;;
Sador;Labadal;;;;;;;;;;;;;;;;;;;;;;;;
Tuor;;;;;;;;;;;;;;;;;;;;;;;;;
Túrin Turambar;Drachentöter;Rúsitaurion, Sohn des öden Waldes;Dhrauthodavros, Sohn des öden Waldes;Der Wilde aus den Wäldern;Waldschrat;Neithan, der Gekränkte;Gorthol, Schreckenshelm;Agarwaen, der Blutbefleckte;Adanedhel, der Elbeensch;Mormegil, das Schwarze Schwert;Thurin, der Geheimnisvolle;Turambar, Meister des Schicksals;Dagnir Glaurunga;Glaurungs Verderber;;;;;;;;;;;
Ulrad;;;;;;;;;;;;;;;;;;;;;;;;;
Urthel;;;;;;;;;;;;;;;;;;;;;;;;;
Urwen;Lalaith;;;;;;;;;;;;;;;;;;;;;;;;
Zimrahin;Meldis;;;;;;;;;;;;;;;;;;;;;;;;
Aghan;;;;;;;;;;;;;;;;;;;;;;;;;
Angamaite;;;;;;;;;;;;;;;;;;;;;;;;;
Bain;;;;;;;;;;;;;;;;;;;;;;;;;
Bard der Bogenschütze I.;Bard der Drachentöter  I.;;;;;;;;;;;;;;;;;;;;;;;;
Bard II. ;;;;;;;;;;;;;;;;;;;;;;;;;
Beorn;;;;;;;;;;;;;;;;;;;;;;;;;
Bladorthin;;;;;;;;;;;;;;;;;;;;;;;;;
Brand;;;;;;;;;;;;;;;;;;;;;;;;;
Elmir;;;;;;;;;;;;;;;;;;;;;;;;;
Eoh;;;;;;;;;;;;;;;;;;;;;;;;;
Eriol;Ælfwine;Ottor Wǽfre ;;;;;;;;;;;;;;;;;;;;;;;
Ermon;;;;;;;;;;;;;;;;;;;;;;;;;
Forthwini;;;;;;;;;;;;;;;;;;;;;;;;;
Freca;;;;;;;;;;;;;;;;;;;;;;;;;
Frumgar;;;;;;;;;;;;;;;;;;;;;;;;;
Butterblume;Butterblüm;Barliman Butterbur;;;;;;;;;;;;;;;;;;;;;;;
Ghán-buri-Ghán;Drúadan;;;;;;;;;;;;;;;;;;;;;;;;
Gothmog;;;;;;;;;;;;;;;;;;;;;;;;;
Grimbeorn;;;;;;;;;;;;;;;;;;;;;;;;;
Heden;;;;;;;;;;;;;;;;;;;;;;;;;
Hengest;;;;;;;;;;;;;;;;;;;;;;;;;
Horsa;;;;;;;;;;;;;;;;;;;;;;;;;
Heinrich Geißblatt  ;;;;;;;;;;;;;;;;;;;;;;;;;
Lutz Farning;Bil Ferny;;;;;;;;;;;;;;;;;;;;;;;;
Malte Heidezehen;;;;;;;;;;;;;;;;;;;;;;;;;
Marhari ;;;;;;;;;;;;;;;;;;;;;;;;;
Marhwini;;;;;;;;;;;;;;;;;;;;;;;;;
Roland Affalter  ;;;;;;;;;;;;;;;;;;;;;;;;;
Tom Stechdorn;;;;;;;;;;;;;;;;;;;;;;;;;
Vidugavia;;;;;;;;;;;;;;;;;;;;;;;;;
Vidumavi;;;;;;;;;;;;;;;;;;;;;;;;;
Wulf;;;;;;;;;;;;;;;;;;;;;;;;;
Bóіr;;;;;;;;;;;;;;;;;;;;;;;;;
Borlach;;;;;;;;;;;;;;;;;;;;;;;;;
Borlad;;;;;;;;;;;;;;;;;;;;;;;;;
Borthand;;;;;;;;;;;;;;;;;;;;;;;;;
Brodda;;;;;;;;;;;;;;;;;;;;;;;;;
Lorgan;;;;;;;;;;;;;;;;;;;;;;;;;
Uldor;der Verfluchte ;;;;;;;;;;;;;;;;;;;;;;;;
Ulfang;der Schwarze ;;;;;;;;;;;;;;;;;;;;;;;;
Ulfast;;;;;;;;;;;;;;;;;;;;;;;;;
Ulwarth;;;;;;;;;;;;;;;;;;;;;;;;;
Khamôl ;;;;;;;;;;;;;;;;;;;;;;;;;
Amras  ; Telufinwe; letzter Finwe;Telvo; Ambarussa; Rotgelber Kopf;;;;;;;;;;;;;;;;;;;;
Amrod ; Pityafinwe; kleiner Finwe; Ambarussa; Rotgelber Kopf; Umbarto;  vom Schicksal bestimmt; Ambarto; der Erhabene;;;;;;;;;;;;;;;;;
Angrod ;;;;;;;;;;;;;;;;;;;;;;;;;
Aranwe  ;;;;;;;;;;;;;;;;;;;;;;;;;
Arminas ;;;;;;;;;;;;;;;;;;;;;;;;;
Bruithwir  ;;;;;;;;;;;;;;;;;;;;;;;;;
Caranthir  ;;;;;;;;;;;;;;;;;;;;;;;;;
Celeborn ; Herr der Galadhrim und Galadriels Mann;;;;;;;;;;;;;;;;;;;;;;;;
Celebrimbor ;;;;;;;;;;;;;;;;;;;;;;;;;
Celegorm; der Helle ;;;;;;;;;;;;;;;;;;;;;;;;
Curufin;;;;;;;;;;;;;;;;;;;;;;;;;
Daeron; der Geschickte;;;;;;;;;;;;;;;;;;;;;;;;
Denethor ;;;;;;;;;;;;;;;;;;;;;;;;;
Earwen ;;;;;;;;;;;;;;;;;;;;;;;;;
Ecthelion  ;;;;;;;;;;;;;;;;;;;;;;;;;
Edrahil  ;;;;;;;;;;;;;;;;;;;;;;;;;
Egnor ;;;;;;;;;;;;;;;;;;;;;;;;;
Egnor ;;;;;;;;;;;;;;;;;;;;;;;;;
Elemmakil ;;;;;;;;;;;;;;;;;;;;;;;;;
Elenwe ;;;;;;;;;;;;;;;;;;;;;;;;;
Elladan;;;;;;;;;;;;;;;;;;;;;;;;;
Elmo ;;;;;;;;;;;;;;;;;;;;;;;;;
Elrohir;;;;;;;;;;;;;;;;;;;;;;;;;
Eltas;;;;;;;;;;;;;;;;;;;;;;;;;
Elwing ;;;;;;;;;;;;;;;;;;;;;;;;;
Enel ;;;;;;;;;;;;;;;;;;;;;;;;;
Enerdhil ;;;;;;;;;;;;;;;;;;;;;;;;;
Eol;;;;;;;;;;;;;;;;;;;;;;;;;
Vater Maeglins Evromord ;;;;;;;;;;;;;;;;;;;;;;;;;
Erestor ;;;;;;;;;;;;;;;;;;;;;;;;;
Finarfin ;;;;;;;;;;;;;;;;;;;;;;;;;
Finduilas ; Faelivrin;;;;;;;;;;;;;;;;;;;;;;;;
Fingolfin;;;;;;;;;;;;;;;;;;;;;;;;;
Fingon ;;;;;;;;;;;;;;;;;;;;;;;;;
Galadhon ;;;;;;;;;;;;;;;;;;;;;;;;;
Galathil ;;;;;;;;;;;;;;;;;;;;;;;;;
Galdor;;;;;;;;;;;;;;;;;;;;;;;;;
Galdor ;;;;;;;;;;;;;;;;;;;;;;;;;
Gelmir ;;;;;;;;;;;;;;;;;;;;;;;;;
Gelmir ;;;;;;;;;;;;;;;;;;;;;;;;;
Gildor Inglorion ;;;;;;;;;;;;;;;;;;;;;;;;;
Gilfanon ; Ailios;;;;;;;;;;;;;;;;;;;;;;;;
Glorfindel ; der Goldblonde;;;;;;;;;;;;;;;;;;;;;;;;
Guilin ;;;;;;;;;;;;;;;;;;;;;;;;;
Gwindor ;;;;;;;;;;;;;;;;;;;;;;;;;
Haldir  ;;;;;;;;;;;;;;;;;;;;;;;;;
Idril ; Celebrindal;;;;;;;;;;;;;;;;;;;;;;;;
Ilverin ;" Winzigherz; Elwenildo";;;;;;;;;;;;;;;;;;;;;;;;
Indis ;;;;;;;;;;;;;;;;;;;;;;;;;
Ingwe  ; Inwe; I; I Ingwe;; Ing; Inwithiel;;;;;;;;;;;;;;;;;;;
Imin ;;;;;;;;;;;;;;;;;;;;;;;;;
Ingil ; Gim-Githil;Ingilmo;;;Githil;;;;;;;;;;;;;;;;;;;;
Ithilbor ;;;;;;;;;;;;;;;;;;;;;;;;;
Legolas ;;;;;;;;;;;;;;;;;;;;;;;;;
Lenwe  ;;;;;;;;;;;;;;;;;;;;;;;;;
Lindir ;;;;;;;;;;;;;;;;;;;;;;;;;
Lindo ;;;;;;;;;;;;;;;;;;;;;;;;;
Mablon  ;;;;;;;;;;;;;;;;;;;;;;;;;
Mablung  ;;;;;;;;;;;;;;;;;;;;;;;;;
Maedhros ;;;;;;;;;;;;;;;;;;;;;;;;;
Maglor;;;;;;;;;;;;;;;;;;;;;;;;;
Mahtan ;;;;;;;;;;;;;;;;;;;;;;;;;
Maidros ;;;;; Maedhros;;;;;;;;;;;;;;;;;;;;
Meril-i-Turinqi ;;;;;;;;;;;;;;;;;;;;;;;;;
Mithrel as  ;;;;;;;;;;;;;;;;;;;;;;;;;
Nellas ;;;;;;;;;;;;;;;;;;;;;;;;;
Nerdanel ;;;;;;;;;;;;;;;;;;;;;;;;;
Nimloth ;;;;;;;;;;;;;;;;;;;;;;;;;
Nimrodel  ;;;;;;;;;;;;;;;;;;;;;;;;;
Nuin ;;;;;;;;;;;;;;;;;;;;;;;;;
Olwe ; Ellu Melemno; Melemno; Elwe;;; Ellu;;;;;;;;;;;;;;;;;;;
Orodreth  ;;;;;;;;;;;;;;;;;;;;;;;;;
Orophin  ;;;;;;;;;;;;;;;;;;;;;;;;;
Oropher ;;;;;;;;;;;;;;;;;;;;;;;;;
Saeros  ;;;;;;;;;;;;;;;;;;;;;;;;;
Tareg ;;;;;;;;;;;;;;;;;;;;;;;;;
Tata;;;;;;;;;;;;;;;;;;;;;;;;;
Thranduil  ;;;;;;;;;;;;;;;;;;;;;;;;;
Tinfang ;;;;;Timpinen;Zwitschervogel;;;;;;;;;;;;;;;;;;;
Tulkastor ;;;;; Tulkasse;Turenbor;Valwe;Manwe;;;;;;;;;;;;;;;;;
Turgon ;;;;; Turondo;;;;;;;;;;;;;;;;;;;;
Vaire ;;;;;;;;;;;;;;;;;;;;;;;;;
Voronwe ;;;;;;; Bronweg; Aranwion;;;;;;;;;;;;;;;;;
Eru Ilúvatar ;;;;;;;;;;;;;;;;;;;;;;;;;
Amil ; Ómar; ;;;;;;;;;;;;;;;;;;;;;;;
Aule ; Belegol; Barthan der Schmied; Mahal; Talkamarda;;;;;;;;;;;;;;;;;;;;;
Este; Rast ;;;;;;;;;;;;;;;;;;;;;;;;
Lóіrien ; Irmo; ;;;;;;;;;;;;;;;;;;;;;;;
Olofantur;;;;;;;;;;;;;;;;;;;;;;;;;
Makar ;;;;;;;;;;;;;;;;;;;;;;;;;
Mandos ; Námo der Richter Nurufantur; Véfantur;;;;;;;;;;;;;;;;;;;;;;;
Manwe ; Súlimo; Valahóru; Valatúru der Gute;;;;;;;;;;;;;;;;;;;;;;
Meásse ;;;;;;;;;;;;;;;;;;;;;;;;;
Melkor ; Morgoth; der schwarze Feind;Bauglir; der Bedrücker;Melko; Belegurth; Großer Tod; Alkar; Arkar; der Strahlende;Muler;Grosser Feind;Die Dunkle Macht im Norden; Der Dunkle Feind der Welt;Der Feind der Valar;Der dunkle Fürst; Der dunkle König auf dunklem Thron;Übel des Nordens; Die schwarze Hand;Der schwarze König;Schwarzherz; Der Jäger und der Reiter;Fürst des Dunkels;;
Herr und Befreier des Alls;König der Welt;;;;;;;;;;;;;;;;;;;;;;;;
Meister aller Geschicke von Arda;;;;;;;;;;;;;;;;;;;;;;;;;
Nessa ;;;;;;;;;;;;;;;;;;;;;;;;;
Nienna ; Fui; Fui Nienna;;;;;;;;;;;;;;;;;;;;;;;
Heskil;Núri;Qalme-Tári;;;;;;;;;;;;;;;;;;;;;;;
Orome ; Aldaron; Tauron;;;;;;;;;;;;;;;;;;;;;;;
Béma; der große Jäger;;;;;;;;;;;;;;;;;;;;;;;;
Tulkas ; Astaldo;Poldóіrea; der Tapfere;;;;;;;;;;;;;;;;;;;;;;
Ulmo ;Linqil; Vailimo;Herr der Wasser;König der Meere;;;;;;;;;;;;;;;;;;;;;
Vaire ; Valie; die Weberin; ;;;;;;;;;;;;;;;;;;;;;;
Vána; die Ewigjunge ; Tári-Laisi;; ;;;;;;;;;;;;;;;;;;;;;
Varda ; Frau von Manwe; Elbereth; Sternenkönigin;Elentári; Sternenkönigin;Tinwetári; Tintalle; Die Entzünderin;Fanuilos;Schneeweiß;Gilthoniel; Die die die Sterne zum Leuchten brachte; Die Herrin der Gestirne;;;;;;;;;;;;
Yavanna ; Kementári;Palúrien;Kémi;Maiar;;;;;;;;;;;;;;;;;;;;;
Amnon ;;;;;;;;;;;;;;;;;;;;;;;;;
Arien ;Vása; ;;;;;;;;;;;;;;;;;;;;;;;
Urwendi;Urwen; Urwandi;;;;;;;;;;;;;;;;;;;;;;;
Eonwe ; Fionwe; ;;;;;;;;;;;;;;;;;;;;;;;
Fankil ; Fúkil; Fangli;;;;;;;;;;;;;;;;;;;;;;;
Gothmog ;  Kosomot;;;;;;;;;;;;;;;;;;;;;;;;
Ilmare ; Erinti;;;;;;;;;;;;;;;;;;;;;;;;
Langon ;;;;;;;;;;;;;;;;;;;;;;;;;
Melian ; Tindriel; Wendelin; ;;;;;;;;;;;;;;;;;;;;;;
Nieliqui ;;;;;;;;;;;;;;;;;;;;;;;;;
Nornore ; Drondor; ;;;;;;;;;;;;;;;;;;;;;;;
Osse ; Falman; ;;;;;;;;;;;;;;;;;;;;;;;
Salmar ; Golthadriel; Goldriel; Lirillo; Noldorin;;;;;;;;;;;;;;;;;;;;;
Sauron ; Annatar; Artano; Aulendil; Gorthaur;;;;;;;;;;;;;;;;;;;;;
Telimektar ; Telumehtar;;; ;;;;;;;;;;;;;;;;;;;;;
Thuringwethil ;;;;;;;;;;;;;;;;;;;;;;;;;
Tilion ; Rána; Ilinsor;;;;;;;;;;;;;;;;;;;;;;;
Uinen ; Oinen; Ónen; Ówen;;;;;;;;;;;;;;;;;;;;;;
Ulbandi ;;;;;;;;;;;;;;;;;;;;;;;;;
Alatar ;;;;;;;;;;;;;;;;;;;;;;;;;
Gandalf ; Mithrandir; Olóіrin; Incánus; Tharkôn; Láthspel;;;;;;;;;;;;;;;;;;;;
Palando ;;;;;;;;;;;;;;;;;;;;;;;;;
Radagast ;;;;;;;;;;;;;;;;;;;;;;;;;
Saruman ; Curunór; Curumo; Scharrer; Scharker;;;;;;;;;;;;;;;;;;;;;
Aluin ;;;;;;;;;;;;;;;;;;;;;;;;;
Danuin; Sohn von Aluin;;;;;;;;;;;;;;;;;;;;;;;;
Fanuin; Sohn von Aluin;;;;;;;;;;;;;;;;;;;;;;;;
Ranuin ;Sohn von Aluin;;;;;;;;;;;;;;;;;;;;;;;;
Adaldrida Brandybock ;;;;;;;;;;;;;;;;;;;;;;;;;
Adalgrim Tuk ; ;;;;;;;;;;;;;;;;;;;;;;;;
Adamanta Tuk ;;;;;;;;;;;;;;;;;;;;;;;;;
Adelard Tuk ; ;;;;;;;;;;;;;;;;;;;;;;;;
Amaranth Brandybock ; ;;;;;;;;;;;;;;;;;;;;;;;;
Andweis Seiler. ; ;;;;;;;;;;;;;;;;;;;;;;;;
Angelica Beutlin ;;;;;;;;;;;;;;;;;;;;;;;;;
Ansen Seiler ; ;;;;;;;;;;;;;;;;;;;;;;;;
Asphodel Wühler ; Asphodel Lochn;; ;;;;;;;;;;;;;;;;;;;;;;
Bandobras Tuk ; Bullenrassler;; ;;;;;;;;;;;;;;;;;;;;;;
Balbo Beutlin ; ;;;;;;;;;;;;;;;;;;;;;;;;
Belba Bolger ; ;;;;;;;;;;;;;;;;;;;;;;;;
Bel Gamdschie ; ;;;;;;;;;;;;;;;;;;;;;;;;
Bel adonna Beutlin ; ;;;;;;;;;;;;;;;;;;;;;;;;
Berilac Brandybock ; ;;;;;;;;;;;;;;;;;;;;;;;;
Berylla Beutlin ; ;;;;;;;;;;;;;;;;;;;;;;;;
Bilbo Baggins ; Bilbo Beutlin;; ;;;;;;;;;;;;;;;;;;;;;;
Bilbo Gamdschie ; ;;;;;;;;;;;;;;;;;;;;;;;;
Bingo Beutlin ; ;;;;;;;;;;;;;;;;;;;;;;;;
Blanco ; ;;;;;;;;;;;;;;;;;;;;;;;;
Bodo Stolzfuß ; ;;;;;;;;;;;;;;;;;;;;;;;;
Bogeann Kattun ;  Klaus; Nick; Bogean Hüttinger;;;;;;;;;;;;;;;;;;;;;;
Bucca ; ;;;;;;;;;;;;;;;;;;;;;;;;
Bungo Beutlin ; ;;;;;;;;;;;;;;;;;;;;;;;;
Camel ia Beutlin ; ;;;;;;;;;;;;;;;;;;;;;;;;
Carl ; ;;;;;;;;;;;;;;;;;;;;;;;;
Carl Kattun/Carl Hüttinger ; ;;;;;;;;;;;;;;;;;;;;;;;;
Celandine Brandybock ; ;;;;;;;;;;;;;;;;;;;;;;;;
Chica Beutlin ; ;;;;;;;;;;;;;;;;;;;;;;;;
Déagol ; ;;;;;;;;;;;;;;;;;;;;;;;;
Dietmute Tuk ; Juweline Tuk;;;;;;;;;;;;;;;;;;;;;;;;
Dinodas Brandybock ; ;;;;;;;;;;;;;;;;;;;;;;;;
Doderic Brandybock ; ;;;;;;;;;;;;;;;;;;;;;;;;
Dodinas Brandybock ; ;;;;;;;;;;;;;;;;;;;;;;;;
Donnamira Boffin ; ;;;;;;;;;;;;;;;;;;;;;;;;
Azaghál ;;;;;;;;;;;;;;;;;;;;;;;;;
Bifur ;;;;;;;;;;;;;;;;;;;;;;;;;
 Balin ;;;;;;;;;;;;;;;;;;;;;;;;;
Bofur ;;;;;;;;;;;;;;;;;;;;;;;;;
Bombur ;;;;;;;;;;;;;;;;;;;;;;;;;
Borin ;;;;;;;;;;;;;;;;;;;;;;;;;
Dáin I. ; Dós;;;;;;;;;;;;;;;;;;;;;;;;
 Dáin II. Eisenfuß ;;;;;;;;;;;;;;;;;;;;;;;;;
Durin ;;;;;;;;;;;;;;;;;;;;;;;;;
Durin I. ;;;;;;;;;;;;;;;;;;;;;;;;;
Durin II. ;;;;;;;;;;;;;;;;;;;;;;;;;
Durin III. ; Durin IV. ;;;;;;;;;;;;;;;;;;;;;;;;
Durin V. ;;;;;;;;;;;;;;;;;;;;;;;;;
Durin VI. ;;;;;;;;;;;;;;;;;;;;;;;;;
Durin VII. ; Dwalin ;;;;;;;;;;;;;;;;;;;;;;;;
Farin ;;;;;;;;;;;;;;;;;;;;;;;;;
Fóli ;;;;;;;;;;;;;;;;;;;;;;;;;
Flóіi ;;;;;;;;;;;;;;;;;;;;;;;;;
Frár ;;;;;;;;;;;;;;;;;;;;;;;;;
Frerin ;;;;;;;;;;;;;;;;;;;;;;;;;
Fundin ;;;;;;;;;;;;;;;;;;;;;;;;;
Gimli ;;;;;;;;;;;;;;;;;;;;;;;;;
Glóіin ;;;;;;;;;;;;;;;;;;;;;;;;;
Gimli Gróіin ;;;;;;;;;;;;;;;;;;;;;;;;;
Ibun ;;;;;;;;;;;;;;;;;;;;;;;;;
Òm ;;;;;;;;;;;;;;;;;;;;;;;;;
Lóіni;;;;;;;;;;;;;;;;;;;;;;;;;
Móm ;;;;;;;;;;;;;;;;;;;;;;;;;
Náin I. ;;;;;;;;;;;;;;;;;;;;;;;;;
Náin II. ;;;;;;;;;;;;;;;;;;;;;;;;;
Gуr;;;;;;;;;;;;;;;;;;;;;;;;;
Azog;;;;;;;;;;;;;;;;;;;;;;;;;
Train;;;;;;;;;;;;;;;;;;;;;;;;;
Nвr;;;;;;;;;;;;;;;;;;;;;;;;;
Trуr;;;;;;;;;;;;;;;;;;;;;;;;;
alle Orks;;;;;;;;;;;;;;;;;;;;;;;;;
alle Zwerge;;;;;;;;;;;;;;;;;;;;;;;;;
alle Hobbits;;;;;;;;;;;;;;;;;;;;;;;;;
alle Elben;;;;;;;;;;;;;;;;;;;;;;;;;
Durins Volkor;;;;;;;;;;;;;;;;;;;;;;;;;
die Noldor;;;;;;;;;;;;;;;;;;;;;;;;;
die Nordmenschen;;;;;;;;;;;;;;;;;;;;;;;;;
Frodo;;;;;;;;;;;;;;;;;;;;;;;;;